Disease Name,Chemical Name,Chemical ID (PubChem CID)
High Altitude Hypoxia,Alpha-Tocopherol,14985
High Altitude Hypoxia,Tocopherol,14985
High Altitude Hypoxia,alpha-tocopherol,14985
High Altitude Hypoxia,tocopherol,14985
High Altitude Hypoxia,Carbon monoxide,281
High Altitude Hypoxia,Hydrogen peroxide,784
High Altitude Hypoxia,Phthalocyanine,86280045
High Altitude Hypoxia,Superoxide,5359597
High Altitude Hypoxia,Dexamethasone,5743
High Altitude Hypoxia,Eleutheroside,12305897
High Altitude Hypoxia,TNF-alpha,44356648
High Altitude Hypoxia,Coumermycin A1,54675768
High Altitude Hypoxia,8-isoprostane,5282263
High Altitude Hypoxia,Interleukin-6,Not Found
High Altitude Hypoxia,Sucrose,5988
High Altitude Hypoxia,Chloroquine,2719
High Altitude Hypoxia,Ginsenoside Rg1,441923
High Altitude Hypoxia,Salidroside,159278
High Altitude Hypoxia,Tetrahydrocurcumin,124072
High Altitude Hypoxia,Bcl-2,11822705
High Altitude Hypoxia,Glutathione peroxidase,Not Found
High Altitude Hypoxia,Nitroxide,787
High Altitude Hypoxia,Epigallocatechin,72277
High Altitude Hypoxia,Epigallocatechin-3-gallate,65064
High Altitude Hypoxia,Nigericin,34230
High Altitude Hypoxia,Creatine,586
High Altitude Hypoxia,Sodium chloride,5234
High Altitude Hypoxia,Kaempferol,5280863
High Altitude Hypoxia,LY-294002,3973
High Altitude Hypoxia,Phosphoinositide 3-kinase,Not Found
High Altitude Hypoxia,Oxide,190217
High Altitude Hypoxia,Ozone,24823
High Altitude Hypoxia,2-Ketoglutarate,51
High Altitude Hypoxia,Succinate,160419
High Altitude Hypoxia,Fumarate,5460307
High Altitude Hypoxia,Oxoglutarate,51
High Altitude Hypoxia,Glutathione,124886
High Altitude Hypoxia,Lactate,91435
High Altitude Hypoxia,Pyruvate,107735
High Altitude Hypoxia,Adenosine,60961
High Altitude Hypoxia,Ethanol,702
High Altitude Hypoxia,Glycoside,637579
High Altitude Hypoxia,p53,4274
High Altitude Hypoxia,Phenyl,123159
High Altitude Hypoxia,Triphosphate,3440921
High Altitude Hypoxia,Titanium dioxide,26042
High Altitude Hypoxia,Phosphonate,6326969
High Altitude Hypoxia,Acetazolamide,1986
High Altitude Hypoxia,Carbon,5462310
High Altitude Hypoxia,Dimethyl sulfoxide,679
High Altitude Hypoxia,Cistanoside,71307448
High Altitude Hypoxia,Nitrate,943
High Altitude Hypoxia,Sodium,5360545
High Altitude Hypoxia,Fructose,2723872
High Altitude Hypoxia,Hematoxylin,442514
High Altitude Hypoxia,Eosin,11048
High Altitude Hypoxia,Diphenyl,7095
High Altitude Hypoxia,Diethyl ether,3283
High Altitude Hypoxia,Nitrogen,947
High Altitude Hypoxia,Cholesterol,5997
High Altitude Hypoxia,Glucose,5793
High Altitude Hypoxia,Calcium,5460341
High Altitude Hypoxia,Cocaine,446220
High Altitude Hypoxia,Methamphetamine,10836
High Altitude Hypoxia,Serine,5951
High Altitude Hypoxia,Threonine,6288
High Altitude Hypoxia,Peroxisome proliferator-activated receptor gamma coactivator 1-alpha,Not Found
High Altitude Hypoxia,Gadolinium,23982
High Altitude Hypoxia,Sphingosine-1-phosphate,5283560
High Altitude Hypoxia,Phosphate,1061
High Altitude Hypoxia,Resveratrol,445154
High Altitude Hypoxia,beta-Carotene,5280489
High Altitude Hypoxia,Methanol,887
High Altitude Hypoxia,n-Hexane,8058
High Altitude Hypoxia,Hydrogen sulfide,402
High Altitude Hypoxia,Ferrous sulfate,24393
High Altitude Hypoxia,Glycinate,26066
High Altitude Hypoxia,Sulfate,1117
High Altitude Hypoxia,Dihydromyricetin,161557
High Altitude Hypoxia,Tyrosol,10393
High Altitude Hypoxia,5-Methoxytryptamine,1833
High Altitude Hypoxia,N-Acetyl-5-methoxytryptamine,896
High Altitude Hypoxia,Nicotine,89594
High Altitude Hypoxia,VP16,6918092
High Altitude Hypoxia,Chloride,312
High Altitude Hypoxia,Benzyl,123147
High Altitude Hypoxia,Fluoro,24524
High Altitude Hypoxia,Phosphodiesterase,161498078
High Altitude Hypoxia,Pyrazolopyridine,21643653
High Altitude Hypoxia,Pyrimidin-4-ylamine,68958
High Altitude Hypoxia,Quinoxaline,7045
High Altitude Hypoxia,L-Carnitine,10917
High Altitude Hypoxia,Arginine vasopressin,644077
High Altitude Hypoxia,Digoxin,2724385
High Altitude Hypoxia,2-Nitroimidazole,10701
High Altitude Hypoxia,"3-Amino-1,2,4-triazole",1639
High Altitude Hypoxia,Anthracene,8418
High Altitude Hypoxia,Benzotriazine,11018899
High Altitude Hypoxia,Dimethylamino,136634
High Altitude Hypoxia,Dione,110206105
High Altitude Hypoxia,Hydroxypropyl,53627505
High Altitude Hypoxia,Diethylcarbamazine,3052
High Altitude Hypoxia,Cinnarizine,1547484
High Altitude Hypoxia,Pyrithioxine,14190
High Altitude Hypoxia,Vincamine,15376
High Altitude Hypoxia,Carbonate,19660
